Comment,Designator,Footprint,JLCPCB Part #�EEioptional�EEj
"none, pads/silkscreen only","Jint1, Jint2",XT60PW-F:AMASS_XT60PW-F,"none, no assembly"
"100V, 570mA, 5A","D1, D2, D3",Diode_SMD:D_SMB,C460262
22Vz,"D4, D6",Diode_SMD:D_SOD-123,C268619
20Vz,"D5, D7",Diode_SMD:D_SOD-123,C268616
"Vf=2V, If=30mA","D8, D9, D10",Diode_SMD:D_1206_3216Metric,C125085
"100k, 1/4W","R1, R3, R4, R8, R10, R14, R16, R18, R19",Resistor_SMD:R_1206_3216Metric,C351538
"150k, 1/4W",R2,Resistor_SMD:R_1206_3216Metric,C857189
"300k, 1/4W",R5,Resistor_SMD:R_1206_3216Metric,"C17884	"
"1k, 1/4W","R6, R7, R12, R13",Resistor_SMD:R_1206_3216Metric,"C4410	"
"1.2k, 3/4W","R24, R25, R26",Resistor_SMD:R_1206_3216Metric,C2078739
"10k, 1/4W","R20, R21, R22, R23",Resistor_SMD:R_1206_3216Metric,C2692764
"12k, 1/4W","R9, R11, R15, R17",Resistor_SMD:R_1206_3216Metric,C17912
"100uF, 35V",C1,Capacitor_SMD:CP_Elec_6.3x7.7,C2836437
"0.1uF, 35V",C2,Capacitor_SMD:C_1206_3216Metric,C24497
"40Vdss, Id=9.1A",Q1,SO-8 (Diodes Inc),C508210
"75Vceo, Ic=5A",Q2,Package_TO_SOT_SMD:TO-252-3_TabPin2 (DPAK),C211410
"30Vdss, Id=7.2A",Q3,SO-8 (Diodes Inc),C508198
"none, pads/silkscreen only",J1,PinHeader_1x06_P2.54mm_Horizontal,"none, no assembly"
Vsupply=2V~36V,"NIcomparator1, NIcomparator2",PDIP-8 (Texas Instruments),C526397
Vsupply=3-36V,"buffer1, buffer2",SO-8 (Diodes Inc),C177000
